{"pros_med": [0.8759398460388184, 227.11968994140625, 58.191429138183594, 0.0, 0.012370279990136623, 0.01757180318236351, 0.0, 0.08463829010725021, 4.375, 0.059258006513118744, 0.1678047627210617, 3.2703397274017334, 980.7685546875, -2.3458383083343506, 143.470947265625, 0.25313282012939453, 1.25, 0.14642857015132904], "pros_iqr": [0.15478914976119995, 40.14601135253906, 14.176719665527344, 5.991678237915039, 0.014020641334354877, 0.01673782430589199, 0.0018125998321920633, 0.03131890296936035, 3.125, 0.04129714518785477, 0.06015382707118988, 2.3241894245147705, 236.48614501953125, 0.07224607467651367, 28.891708374023438, 0.2719298005104065, 1.625, 0.192122220993042], "thr": {"F": [0.3976547420024872, 10.0], "I": [0.0, 10.0], "T": [0.7044004797935486, 10.0]}}